<?xml version="1.0" encoding="UTF-8"?>
<!DOCTYPE mapper PUBLIC "-//mybatis.org//DTD Mapper 3.0//EN" "http://mybatis.org/dtd/mybatis-3-mapper.dtd">
<mapper namespace="com.oxy.dao.ClassesMapper">
  <resultMap id="BaseResultMap" type="com.oxy.model.Classes">
    <id column="classId" jdbcType="INTEGER" property="classid" />
    <result column="className" jdbcType="VARCHAR" property="classname" />
  </resultMap>
  <sql id="Example_Where_Clause">
    <where>
      <foreach collection="oredCriteria" item="criteria" separator="or">
        <if test="criteria.valid">
          <trim prefix="(" prefixOverrides="and" suffix=")">
            <foreach collection="criteria.criteria" item="criterion">
              <choose>
                <when test="criterion.noValue">
                  and ${criterion.condition}
                </when>
                <when test="criterion.singleValue">
                  and ${criterion.condition} #{criterion.value}
                </when>
                <when test="criterion.betweenValue">
                  and ${criterion.condition} #{criterion.value} and #{criterion.secondValue}
                </when>
                <when test="criterion.listValue">
                  and ${criterion.condition}
                  <foreach close=")" collection="criterion.value" item="listItem" open="(" separator=",">
                    #{listItem}
                  </foreach>
                </when>
              </choose>
            </foreach>
          </trim>
        </if>
      </foreach>
    </where>
  </sql>
  <sql id="Update_By_Example_Where_Clause">
    <where>
      <foreach collection="example.oredCriteria" item="criteria" separator="or">
        <if test="criteria.valid">
          <trim prefix="(" prefixOverrides="and" suffix=")">
            <foreach collection="criteria.criteria" item="criterion">
              <choose>
                <when test="criterion.noValue">
                  and ${criterion.condition}
                </when>
                <when test="criterion.singleValue">
                  and ${criterion.condition} #{criterion.value}
                </when>
                <when test="criterion.betweenValue">
                  and ${criterion.condition} #{criterion.value} and #{criterion.secondValue}
                </when>
                <when test="criterion.listValue">
                  and ${criterion.condition}
                  <foreach close=")" collection="criterion.value" item="listItem" open="(" separator=",">
                    #{listItem}
                  </foreach>
                </when>
              </choose>
            </foreach>
          </trim>
        </if>
      </foreach>
    </where>
  </sql>
  <sql id="Base_Column_List">
    classId, className
  </sql>
  <select id="selectByExample" parameterType="com.oxy.model.ClassesExample" resultMap="BaseResultMap">
    select
    <if test="distinct">
      distinct
    </if>
    <include refid="Base_Column_List" />
    from classes
    <if test="_parameter != null">
      <include refid="Example_Where_Clause" />
    </if>
    <if test="orderByClause != null">
      order by ${orderByClause}
    </if>
  </select>
  <select id="selectByPrimaryKey" parameterType="java.lang.Integer" resultMap="BaseResultMap">
    select 
    <include refid="Base_Column_List" />
    from classes
    where classId = #{classid,jdbcType=INTEGER}
  </select>
  <delete id="deleteByPrimaryKey" parameterType="java.lang.Integer">
    delete from classes
    where classId = #{classid,jdbcType=INTEGER}
  </delete>
  <delete id="deleteByExample" parameterType="com.oxy.model.ClassesExample">
    delete from classes
    <if test="_parameter != null">
      <include refid="Example_Where_Clause" />
    </if>
  </delete>
  <insert id="insert" parameterType="com.oxy.model.Classes" useGeneratedKeys="true" keyProperty="classid">
    insert into classes (classId, className)
    values (#{classid,jdbcType=INTEGER}, #{classname,jdbcType=VARCHAR})
  </insert>
  <insert id="insertSelective" parameterType="com.oxy.model.Classes">
    insert into classes
    <trim prefix="(" suffix=")" suffixOverrides=",">
      <if test="classid != null">
        classId,
      </if>
      <if test="classname != null">
        className,
      </if>
    </trim>
    <trim prefix="values (" suffix=")" suffixOverrides=",">
      <if test="classid != null">
        #{classid,jdbcType=INTEGER},
      </if>
      <if test="classname != null">
        #{classname,jdbcType=VARCHAR},
      </if>
    </trim>
  </insert>
  <select id="countByExample" parameterType="com.oxy.model.ClassesExample" resultType="java.lang.Long">
    select count(*) from classes
    <if test="_parameter != null">
      <include refid="Example_Where_Clause" />
    </if>
  </select>
  <update id="updateByExampleSelective" parameterType="map">
    update classes
    <set>
      <if test="record.classid != null">
        classId = #{record.classid,jdbcType=INTEGER},
      </if>
      <if test="record.classname != null">
        className = #{record.classname,jdbcType=VARCHAR},
      </if>
    </set>
    <if test="_parameter != null">
      <include refid="Update_By_Example_Where_Clause" />
    </if>
  </update>
  <update id="updateByExample" parameterType="map">
    update classes
    set classId = #{record.classid,jdbcType=INTEGER},
      className = #{record.classname,jdbcType=VARCHAR}
    <if test="_parameter != null">
      <include refid="Update_By_Example_Where_Clause" />
    </if>
  </update>
  <update id="updateByPrimaryKeySelective" parameterType="com.oxy.model.Classes">
    update classes
    <set>
      <if test="classname != null">
        className = #{classname,jdbcType=VARCHAR},
      </if>
    </set>
    where classId = #{classid,jdbcType=INTEGER}
  </update>
  <update id="updateByPrimaryKey" parameterType="com.oxy.model.Classes">
    update classes
    set className = #{classname,jdbcType=VARCHAR}
    where classId = #{classid,jdbcType=INTEGER}
  </update>
</mapper>