<?xml version="1.0" encoding="UTF-8"?>
<!DOCTYPE mapper PUBLIC "-//mybatis.org//DTD Mapper 3.0//EN" "http://mybatis.org/dtd/mybatis-3-mapper.dtd">
<mapper namespace="com.oxy.dao.SAQMapper">
  <resultMap id="BaseResultMap" type="com.oxy.model.SAQ">
    <id column="SAQID" jdbcType="INTEGER" property="saqid" />
    <result column="Question" jdbcType="VARCHAR" property="question" />
    <result column="Subject" jdbcType="VARCHAR" property="subject" />
    <result column="Chapter" jdbcType="VARCHAR" property="chapter" />
    <result column="Difficulty" jdbcType="INTEGER" property="difficulty" />
    <result column="CreateUser" jdbcType="VARCHAR" property="createuser" />
    <result column="Answer" jdbcType="VARCHAR" property="answer" />
  </resultMap>
  <sql id="Example_Where_Clause">
    <where>
      <foreach collection="oredCriteria" item="criteria" separator="or">
        <if test="criteria.valid">
          <trim prefix="(" prefixOverrides="and" suffix=")">
            <foreach collection="criteria.criteria" item="criterion">
              <choose>
                <when test="criterion.noValue">
                  and ${criterion.condition}
                </when>
                <when test="criterion.singleValue">
                  and ${criterion.condition} #{criterion.value}
                </when>
                <when test="criterion.betweenValue">
                  and ${criterion.condition} #{criterion.value} and #{criterion.secondValue}
                </when>
                <when test="criterion.listValue">
                  and ${criterion.condition}
                  <foreach close=")" collection="criterion.value" item="listItem" open="(" separator=",">
                    #{listItem}
                  </foreach>
                </when>
              </choose>
            </foreach>
          </trim>
        </if>
      </foreach>
    </where>
  </sql>
  <sql id="Update_By_Example_Where_Clause">
    <where>
      <foreach collection="example.oredCriteria" item="criteria" separator="or">
        <if test="criteria.valid">
          <trim prefix="(" prefixOverrides="and" suffix=")">
            <foreach collection="criteria.criteria" item="criterion">
              <choose>
                <when test="criterion.noValue">
                  and ${criterion.condition}
                </when>
                <when test="criterion.singleValue">
                  and ${criterion.condition} #{criterion.value}
                </when>
                <when test="criterion.betweenValue">
                  and ${criterion.condition} #{criterion.value} and #{criterion.secondValue}
                </when>
                <when test="criterion.listValue">
                  and ${criterion.condition}
                  <foreach close=")" collection="criterion.value" item="listItem" open="(" separator=",">
                    #{listItem}
                  </foreach>
                </when>
              </choose>
            </foreach>
          </trim>
        </if>
      </foreach>
    </where>
  </sql>
  <sql id="Base_Column_List">
    SAQID, Question, Subject, Chapter, Difficulty, CreateUser, Answer
  </sql>
  <select id="selectByExample" parameterType="com.oxy.model.SAQExample" resultMap="BaseResultMap">
    select
    <if test="distinct">
      distinct
    </if>
    <include refid="Base_Column_List" />
    from saq
    <if test="_parameter != null">
      <include refid="Example_Where_Clause" />
    </if>
    <if test="orderByClause != null">
      order by ${orderByClause}
    </if>
  </select>
  <select id="selectByPrimaryKey" parameterType="java.lang.Integer" resultMap="BaseResultMap">
    select 
    <include refid="Base_Column_List" />
    from saq
    where SAQID = #{saqid,jdbcType=INTEGER}
  </select>
  <delete id="deleteByPrimaryKey" parameterType="java.lang.Integer">
    delete from saq
    where SAQID = #{saqid,jdbcType=INTEGER}
  </delete>
  <delete id="deleteByExample" parameterType="com.oxy.model.SAQExample">
    delete from saq
    <if test="_parameter != null">
      <include refid="Example_Where_Clause" />
    </if>
  </delete>
  <insert id="insert" parameterType="com.oxy.model.SAQ">
    insert into saq (SAQID, Question, Subject, 
      Chapter, Difficulty, CreateUser, 
      Answer)
    values (#{saqid,jdbcType=INTEGER}, #{question,jdbcType=VARCHAR}, #{subject,jdbcType=VARCHAR}, 
      #{chapter,jdbcType=VARCHAR}, #{difficulty,jdbcType=INTEGER}, #{createuser,jdbcType=VARCHAR}, 
      #{answer,jdbcType=VARCHAR})
  </insert>
  <insert id="insertSelective" parameterType="com.oxy.model.SAQ">
    insert into saq
    <trim prefix="(" suffix=")" suffixOverrides=",">
      <if test="saqid != null">
        SAQID,
      </if>
      <if test="question != null">
        Question,
      </if>
      <if test="subject != null">
        Subject,
      </if>
      <if test="chapter != null">
        Chapter,
      </if>
      <if test="difficulty != null">
        Difficulty,
      </if>
      <if test="createuser != null">
        CreateUser,
      </if>
      <if test="answer != null">
        Answer,
      </if>
    </trim>
    <trim prefix="values (" suffix=")" suffixOverrides=",">
      <if test="saqid != null">
        #{saqid,jdbcType=INTEGER},
      </if>
      <if test="question != null">
        #{question,jdbcType=VARCHAR},
      </if>
      <if test="subject != null">
        #{subject,jdbcType=VARCHAR},
      </if>
      <if test="chapter != null">
        #{chapter,jdbcType=VARCHAR},
      </if>
      <if test="difficulty != null">
        #{difficulty,jdbcType=INTEGER},
      </if>
      <if test="createuser != null">
        #{createuser,jdbcType=VARCHAR},
      </if>
      <if test="answer != null">
        #{answer,jdbcType=VARCHAR},
      </if>
    </trim>
  </insert>
  <select id="countByExample" parameterType="com.oxy.model.SAQExample" resultType="java.lang.Long">
    select count(*) from saq
    <if test="_parameter != null">
      <include refid="Example_Where_Clause" />
    </if>
  </select>
  <update id="updateByExampleSelective" parameterType="map">
    update saq
    <set>
      <if test="record.saqid != null">
        SAQID = #{record.saqid,jdbcType=INTEGER},
      </if>
      <if test="record.question != null">
        Question = #{record.question,jdbcType=VARCHAR},
      </if>
      <if test="record.subject != null">
        Subject = #{record.subject,jdbcType=VARCHAR},
      </if>
      <if test="record.chapter != null">
        Chapter = #{record.chapter,jdbcType=VARCHAR},
      </if>
      <if test="record.difficulty != null">
        Difficulty = #{record.difficulty,jdbcType=INTEGER},
      </if>
      <if test="record.createuser != null">
        CreateUser = #{record.createuser,jdbcType=VARCHAR},
      </if>
      <if test="record.answer != null">
        Answer = #{record.answer,jdbcType=VARCHAR},
      </if>
    </set>
    <if test="_parameter != null">
      <include refid="Update_By_Example_Where_Clause" />
    </if>
  </update>
  <update id="updateByExample" parameterType="map">
    update saq
    set SAQID = #{record.saqid,jdbcType=INTEGER},
      Question = #{record.question,jdbcType=VARCHAR},
      Subject = #{record.subject,jdbcType=VARCHAR},
      Chapter = #{record.chapter,jdbcType=VARCHAR},
      Difficulty = #{record.difficulty,jdbcType=INTEGER},
      CreateUser = #{record.createuser,jdbcType=VARCHAR},
      Answer = #{record.answer,jdbcType=VARCHAR}
    <if test="_parameter != null">
      <include refid="Update_By_Example_Where_Clause" />
    </if>
  </update>
  <update id="updateByPrimaryKeySelective" parameterType="com.oxy.model.SAQ">
    update saq
    <set>
      <if test="question != null">
        Question = #{question,jdbcType=VARCHAR},
      </if>
      <if test="subject != null">
        Subject = #{subject,jdbcType=VARCHAR},
      </if>
      <if test="chapter != null">
        Chapter = #{chapter,jdbcType=VARCHAR},
      </if>
      <if test="difficulty != null">
        Difficulty = #{difficulty,jdbcType=INTEGER},
      </if>
      <if test="createuser != null">
        CreateUser = #{createuser,jdbcType=VARCHAR},
      </if>
      <if test="answer != null">
        Answer = #{answer,jdbcType=VARCHAR},
      </if>
    </set>
    where SAQID = #{saqid,jdbcType=INTEGER}
  </update>
  <update id="updateByPrimaryKey" parameterType="com.oxy.model.SAQ">
    update saq
    set Question = #{question,jdbcType=VARCHAR},
      Subject = #{subject,jdbcType=VARCHAR},
      Chapter = #{chapter,jdbcType=VARCHAR},
      Difficulty = #{difficulty,jdbcType=INTEGER},
      CreateUser = #{createuser,jdbcType=VARCHAR},
      Answer = #{answer,jdbcType=VARCHAR}
    where SAQID = #{saqid,jdbcType=INTEGER}
  </update>
</mapper>