<?xml version="1.0" encoding="UTF-8"?>
<!DOCTYPE mapper PUBLIC "-//mybatis.org//DTD Mapper 3.0//EN" "http://mybatis.org/dtd/mybatis-3-mapper.dtd">
<mapper namespace="com.oxy.dao.ScoreMapper">
  <resultMap id="BaseResultMap" type="com.oxy.model.Score">
    <id column="paperId" jdbcType="INTEGER" property="paperid" />
    <id column="userId" jdbcType="INTEGER" property="userid" />
    <id column="examId" jdbcType="INTEGER" property="examid" />
    <result column="score" jdbcType="VARCHAR" property="score" />
  </resultMap>
  <sql id="Example_Where_Clause">
    <where>
      <foreach collection="oredCriteria" item="criteria" separator="or">
        <if test="criteria.valid">
          <trim prefix="(" prefixOverrides="and" suffix=")">
            <foreach collection="criteria.criteria" item="criterion">
              <choose>
                <when test="criterion.noValue">
                  and ${criterion.condition}
                </when>
                <when test="criterion.singleValue">
                  and ${criterion.condition} #{criterion.value}
                </when>
                <when test="criterion.betweenValue">
                  and ${criterion.condition} #{criterion.value} and #{criterion.secondValue}
                </when>
                <when test="criterion.listValue">
                  and ${criterion.condition}
                  <foreach close=")" collection="criterion.value" item="listItem" open="(" separator=",">
                    #{listItem}
                  </foreach>
                </when>
              </choose>
            </foreach>
          </trim>
        </if>
      </foreach>
    </where>
  </sql>
  <sql id="Update_By_Example_Where_Clause">
    <where>
      <foreach collection="example.oredCriteria" item="criteria" separator="or">
        <if test="criteria.valid">
          <trim prefix="(" prefixOverrides="and" suffix=")">
            <foreach collection="criteria.criteria" item="criterion">
              <choose>
                <when test="criterion.noValue">
                  and ${criterion.condition}
                </when>
                <when test="criterion.singleValue">
                  and ${criterion.condition} #{criterion.value}
                </when>
                <when test="criterion.betweenValue">
                  and ${criterion.condition} #{criterion.value} and #{criterion.secondValue}
                </when>
                <when test="criterion.listValue">
                  and ${criterion.condition}
                  <foreach close=")" collection="criterion.value" item="listItem" open="(" separator=",">
                    #{listItem}
                  </foreach>
                </when>
              </choose>
            </foreach>
          </trim>
        </if>
      </foreach>
    </where>
  </sql>
  <sql id="Base_Column_List">
    paperId, userId, examId, score
  </sql>
  <select id="selectByExample" parameterType="com.oxy.model.ScoreExample" resultMap="BaseResultMap">
    select
    <if test="distinct">
      distinct
    </if>
    <include refid="Base_Column_List" />
    from score
    <if test="_parameter != null">
      <include refid="Example_Where_Clause" />
    </if>
    <if test="orderByClause != null">
      order by ${orderByClause}
    </if>
  </select>
  <select id="selectByPrimaryKey" parameterType="com.oxy.model.ScoreKey" resultMap="BaseResultMap">
    select 
    <include refid="Base_Column_List" />
    from score
    where paperId = #{paperid,jdbcType=INTEGER}
      and userId = #{userid,jdbcType=INTEGER}
      and examId = #{examid,jdbcType=INTEGER}
  </select>
  <delete id="deleteByPrimaryKey" parameterType="com.oxy.model.ScoreKey">
    delete from score
    where paperId = #{paperid,jdbcType=INTEGER}
      and userId = #{userid,jdbcType=INTEGER}
      and examId = #{examid,jdbcType=INTEGER}
  </delete>
  <delete id="deleteByExample" parameterType="com.oxy.model.ScoreExample">
    delete from score
    <if test="_parameter != null">
      <include refid="Example_Where_Clause" />
    </if>
  </delete>
  <insert id="insert" parameterType="com.oxy.model.Score">
    insert into score (paperId, userId, examId, 
      score)
    values (#{paperid,jdbcType=INTEGER}, #{userid,jdbcType=INTEGER}, #{examid,jdbcType=INTEGER}, 
      #{score,jdbcType=VARCHAR})
  </insert>
  <insert id="insertSelective" parameterType="com.oxy.model.Score">
    insert into score
    <trim prefix="(" suffix=")" suffixOverrides=",">
      <if test="paperid != null">
        paperId,
      </if>
      <if test="userid != null">
        userId,
      </if>
      <if test="examid != null">
        examId,
      </if>
      <if test="score != null">
        score,
      </if>
    </trim>
    <trim prefix="values (" suffix=")" suffixOverrides=",">
      <if test="paperid != null">
        #{paperid,jdbcType=INTEGER},
      </if>
      <if test="userid != null">
        #{userid,jdbcType=INTEGER},
      </if>
      <if test="examid != null">
        #{examid,jdbcType=INTEGER},
      </if>
      <if test="score != null">
        #{score,jdbcType=VARCHAR},
      </if>
    </trim>
  </insert>
  <select id="countByExample" parameterType="com.oxy.model.ScoreExample" resultType="java.lang.Long">
    select count(*) from score
    <if test="_parameter != null">
      <include refid="Example_Where_Clause" />
    </if>
  </select>
  <update id="updateByExampleSelective" parameterType="map">
    update score
    <set>
      <if test="record.paperid != null">
        paperId = #{record.paperid,jdbcType=INTEGER},
      </if>
      <if test="record.userid != null">
        userId = #{record.userid,jdbcType=INTEGER},
      </if>
      <if test="record.examid != null">
        examId = #{record.examid,jdbcType=INTEGER},
      </if>
      <if test="record.score != null">
        score = #{record.score,jdbcType=VARCHAR},
      </if>
    </set>
    <if test="_parameter != null">
      <include refid="Update_By_Example_Where_Clause" />
    </if>
  </update>
  <update id="updateByExample" parameterType="map">
    update score
    set paperId = #{record.paperid,jdbcType=INTEGER},
      userId = #{record.userid,jdbcType=INTEGER},
      examId = #{record.examid,jdbcType=INTEGER},
      score = #{record.score,jdbcType=VARCHAR}
    <if test="_parameter != null">
      <include refid="Update_By_Example_Where_Clause" />
    </if>
  </update>
  <update id="updateByPrimaryKeySelective" parameterType="com.oxy.model.Score">
    update score
    <set>
      <if test="score != null">
        score = #{score,jdbcType=VARCHAR},
      </if>
    </set>
    where paperId = #{paperid,jdbcType=INTEGER}
      and userId = #{userid,jdbcType=INTEGER}
      and examId = #{examid,jdbcType=INTEGER}
  </update>
  <update id="updateByPrimaryKey" parameterType="com.oxy.model.Score">
    update score
    set score = #{score,jdbcType=VARCHAR}
    where paperId = #{paperid,jdbcType=INTEGER}
      and userId = #{userid,jdbcType=INTEGER}
      and examId = #{examid,jdbcType=INTEGER}
  </update>
</mapper>