<?xml version="1.0" encoding="UTF-8"?>
<!DOCTYPE mapper PUBLIC "-//mybatis.org//DTD Mapper 3.0//EN" "http://mybatis.org/dtd/mybatis-3-mapper.dtd">
<mapper namespace="com.oxy.dao.UserMapper">
  <resultMap id="BaseResultMap" type="com.oxy.model.User">
    <id column="UserID" jdbcType="INTEGER" property="userid" />
    <result column="UserCode" jdbcType="VARCHAR" property="usercode" />
    <result column="Name" jdbcType="VARCHAR" property="name" />
    <result column="Password" jdbcType="VARCHAR" property="password" />
    <result column="Role" jdbcType="VARCHAR" property="role" />
    <result column="classId" jdbcType="INTEGER" property="classid" />
  </resultMap>
  <sql id="Example_Where_Clause">
    <where>
      <foreach collection="oredCriteria" item="criteria" separator="or">
        <if test="criteria.valid">
          <trim prefix="(" prefixOverrides="and" suffix=")">
            <foreach collection="criteria.criteria" item="criterion">
              <choose>
                <when test="criterion.noValue">
                  and ${criterion.condition}
                </when>
                <when test="criterion.singleValue">
                  and ${criterion.condition} #{criterion.value}
                </when>
                <when test="criterion.betweenValue">
                  and ${criterion.condition} #{criterion.value} and #{criterion.secondValue}
                </when>
                <when test="criterion.listValue">
                  and ${criterion.condition}
                  <foreach close=")" collection="criterion.value" item="listItem" open="(" separator=",">
                    #{listItem}
                  </foreach>
                </when>
              </choose>
            </foreach>
          </trim>
        </if>
      </foreach>
    </where>
  </sql>
  <sql id="Update_By_Example_Where_Clause">
    <where>
      <foreach collection="example.oredCriteria" item="criteria" separator="or">
        <if test="criteria.valid">
          <trim prefix="(" prefixOverrides="and" suffix=")">
            <foreach collection="criteria.criteria" item="criterion">
              <choose>
                <when test="criterion.noValue">
                  and ${criterion.condition}
                </when>
                <when test="criterion.singleValue">
                  and ${criterion.condition} #{criterion.value}
                </when>
                <when test="criterion.betweenValue">
                  and ${criterion.condition} #{criterion.value} and #{criterion.secondValue}
                </when>
                <when test="criterion.listValue">
                  and ${criterion.condition}
                  <foreach close=")" collection="criterion.value" item="listItem" open="(" separator=",">
                    #{listItem}
                  </foreach>
                </when>
              </choose>
            </foreach>
          </trim>
        </if>
      </foreach>
    </where>
  </sql>
  <sql id="Base_Column_List">
    UserID, UserCode, Name, Password, Role, classId
  </sql>
  <select id="selectByExample" parameterType="com.oxy.model.UserExample" resultMap="BaseResultMap">
    select
    <if test="distinct">
      distinct
    </if>
    <include refid="Base_Column_List" />
    from user
    <if test="_parameter != null">
      <include refid="Example_Where_Clause" />
    </if>
    <if test="orderByClause != null">
      order by ${orderByClause}
    </if>
  </select>
  <select id="selectByPrimaryKey" parameterType="java.lang.Integer" resultMap="BaseResultMap">
    select 
    <include refid="Base_Column_List" />
    from user
    where UserID = #{userid,jdbcType=INTEGER}
  </select>
  <delete id="deleteByPrimaryKey" parameterType="java.lang.Integer">
    delete from user
    where UserID = #{userid,jdbcType=INTEGER}
  </delete>
  <delete id="deleteByExample" parameterType="com.oxy.model.UserExample">
    delete from user
    <if test="_parameter != null">
      <include refid="Example_Where_Clause" />
    </if>
  </delete>
  <insert id="insert" parameterType="com.oxy.model.User">
    insert into user (UserID, UserCode, Name, 
      Password, Role, classId
      )
    values (#{userid,jdbcType=INTEGER}, #{usercode,jdbcType=VARCHAR}, #{name,jdbcType=VARCHAR}, 
      #{password,jdbcType=VARCHAR}, #{role,jdbcType=VARCHAR}, #{classid,jdbcType=INTEGER}
      )
  </insert>
  <insert id="insertSelective" parameterType="com.oxy.model.User">
    insert into user
    <trim prefix="(" suffix=")" suffixOverrides=",">
      <if test="userid != null">
        UserID,
      </if>
      <if test="usercode != null">
        UserCode,
      </if>
      <if test="name != null">
        Name,
      </if>
      <if test="password != null">
        Password,
      </if>
      <if test="role != null">
        Role,
      </if>
      <if test="classid != null">
        classId,
      </if>
    </trim>
    <trim prefix="values (" suffix=")" suffixOverrides=",">
      <if test="userid != null">
        #{userid,jdbcType=INTEGER},
      </if>
      <if test="usercode != null">
        #{usercode,jdbcType=VARCHAR},
      </if>
      <if test="name != null">
        #{name,jdbcType=VARCHAR},
      </if>
      <if test="password != null">
        #{password,jdbcType=VARCHAR},
      </if>
      <if test="role != null">
        #{role,jdbcType=VARCHAR},
      </if>
      <if test="classid != null">
        #{classid,jdbcType=INTEGER},
      </if>
    </trim>
  </insert>
  <select id="countByExample" parameterType="com.oxy.model.UserExample" resultType="java.lang.Long">
    select count(*) from user
    <if test="_parameter != null">
      <include refid="Example_Where_Clause" />
    </if>
  </select>
  <update id="updateByExampleSelective" parameterType="map">
    update user
    <set>
      <if test="record.userid != null">
        UserID = #{record.userid,jdbcType=INTEGER},
      </if>
      <if test="record.usercode != null">
        UserCode = #{record.usercode,jdbcType=VARCHAR},
      </if>
      <if test="record.name != null">
        Name = #{record.name,jdbcType=VARCHAR},
      </if>
      <if test="record.password != null">
        Password = #{record.password,jdbcType=VARCHAR},
      </if>
      <if test="record.role != null">
        Role = #{record.role,jdbcType=VARCHAR},
      </if>
      <if test="record.classid != null">
        classId = #{record.classid,jdbcType=INTEGER},
      </if>
    </set>
    <if test="_parameter != null">
      <include refid="Update_By_Example_Where_Clause" />
    </if>
  </update>
  <update id="updateByExample" parameterType="map">
    update user
    set UserID = #{record.userid,jdbcType=INTEGER},
      UserCode = #{record.usercode,jdbcType=VARCHAR},
      Name = #{record.name,jdbcType=VARCHAR},
      Password = #{record.password,jdbcType=VARCHAR},
      Role = #{record.role,jdbcType=VARCHAR},
      classId = #{record.classid,jdbcType=INTEGER}
    <if test="_parameter != null">
      <include refid="Update_By_Example_Where_Clause" />
    </if>
  </update>
  <update id="updateByPrimaryKeySelective" parameterType="com.oxy.model.User">
    update user
    <set>
      <if test="usercode != null">
        UserCode = #{usercode,jdbcType=VARCHAR},
      </if>
      <if test="name != null">
        Name = #{name,jdbcType=VARCHAR},
      </if>
      <if test="password != null">
        Password = #{password,jdbcType=VARCHAR},
      </if>
      <if test="role != null">
        Role = #{role,jdbcType=VARCHAR},
      </if>
      <if test="classid != null">
        classId = #{classid,jdbcType=INTEGER},
      </if>
    </set>
    where UserID = #{userid,jdbcType=INTEGER}
  </update>
  <update id="updateByPrimaryKey" parameterType="com.oxy.model.User">
    update user
    set UserCode = #{usercode,jdbcType=VARCHAR},
      Name = #{name,jdbcType=VARCHAR},
      Password = #{password,jdbcType=VARCHAR},
      Role = #{role,jdbcType=VARCHAR},
      classId = #{classid,jdbcType=INTEGER}
    where UserID = #{userid,jdbcType=INTEGER}
  </update>
</mapper>