<?xml version="1.0" encoding="UTF-8"?>
<!DOCTYPE generatorConfiguration 
      PUBLIC "-//mybatis.org//DTD MyBatis Generator Configuration 1.0//EN"
      "http://mybatis.org/dtd/mybatis-generator-config_1_0.dtd">
<generatorConfiguration>  
<!-- 数据库驱动-->  
    <classPathEntry  location="D:\Maven\repository\mysql\mysql-connector-java\8.0.13\mysql-connector-java-8.0.13.jar"/>  
    <context id="DB2Tables"  targetRuntime="MyBatis3">  
        <commentGenerator>  
            <property name="suppressDate" value="true"/>  
            <!-- 是否去除自动生成的注释 true：是 ： false:否 -->  
            <property name="suppressAllComments" value="true"/>  
        </commentGenerator>  
        <!--数据库链接URL，用户名、密码-->  
        <jdbcConnection driverClass="com.mysql.jdbc.Driver" connectionURL="jdbc:mysql://localhost:3306/examination?serverTimezone=UTC&amp;useSSL=false" userId="root" password="123456"> 
        	<property name="nullCatalogMeansCurrent" value="true" /> 
        </jdbcConnection>  
        <javaTypeResolver>  
            <property name="forceBigDecimals" value="false"/>  
        </javaTypeResolver>  
        <!-- 生成模型的包名和位置 -->  
        <javaModelGenerator targetPackage="com.oxy.model" targetProject="src/main/java">  
            <property name="enableSubPackages" value="true"/>  
            <property name="trimStrings" value="true"/>  
        </javaModelGenerator>  
        <!-- 生成映射文件的包名和位置-->  
        <sqlMapGenerator targetPackage="mapper" targetProject="src/main/resources">  
            <property name="enableSubPackages" value="true"/>  
        </sqlMapGenerator>  
        <!-- 生成DAO的包名和位置-->  
        <javaClientGenerator type="XMLMAPPER" targetPackage="com.oxy.dao" targetProject="src/main/java">  
            <property name="enableSubPackages" value="true"/>  
        </javaClientGenerator>  
        <!-- 要生成的表 tableName是数据库中的表名或视图名 domainObjectName是实体类名-->  
        <!-- <table tableName="examination" domainObjectName="Examination" enableCountByExample="false" enableUpdateByExample="false" enableDeleteByExample="false" enableSelectByExample="false" selectByExampleQueryId="false"></table>
		<table tableName="examinationpaper" domainObjectName="ExaminationPaper"></table>
		<table tableName="saq" domainObjectName="SAQ"></table>
		<table tableName="score" domainObjectName="Score"></table>
		<table tableName="singleselect" domainObjectName="Singleselect"></table> -->
		<!-- <table tableName="user" domainObjectName="User"></table> -->
		<!-- <table tableName="classes" domainObjectName="Classes"></table> -->
       <!--  <table tableName="examination" domainObjectName="Examination"></table> -->
        <table tableName="score" domainObjectName="Score"></table>
        <table tableName="User_Answer" domainObjectName="UserAnswer"></table>
    </context>  
</generatorConfiguration>